IDENTIFICADOR;SKU;Lojas Guaporé;Player 1;Price 1;Player 2;Price 2
7898152180557    ;927001000    ;;;;;
7891506026655    ;FABRIMAR-A-3-LO-CR;;;;;
7898626574172    ;MIDEA-LSX122;;;;;
7894200209171    ;000.448.034.01;;;;;
7891461306830    ;917044    ;;;;;
7891461294717    ;919706    ;;;;;
7891461294724    ;919806    ;;;;;
7891461310646    ;919944    ;;;;;
7891461310653    ;919969    ;;;;;
7891461296254    ;921306    ;;;;;
7891461306274    ;926144    ;;;;;
7891461306328    ;926269    ;;;;;
7891461307110    ;926370    ;;;;;
7891461299187    ;926706    ;;;;;
7891461310578    ;931069    ;;;;;
7891461306557    ;931106    ;;;;;
7900000196426    ;Novo-507;;;;;
7894201059348    ;10085616    ;;;;;
7894201059355    ;10085617    ;;;;;
7894201058495    ;10085530    ;;;;;
7896779428212    ;7896779428212    ;;;;;
7896779431106    ;7896779431106    ;;;;;
7896779404278    ;7896779404278    ;;;;;
7896779431274    ;7896779431274    ;;;;;
7891222062562    ;H085XC-BR;;;;;
7891222259757    ;H088XCQ-BR;;;;;
7891222259658    ;H087BCQ-BR;;;;;
7891222153468    ;HA088BC-BR;;;;;
7891222211939    ;H088WC-BR;;;;;
7891222192467    ;HA086BC-BR;;;;;
7891222259238    ;H055BCQ-BR;;;;;
7891222259511    ;H078XCQ-BR;;;;;
7891222065020    ;H147XC-BR;;;;;
7891222260852    ;H188BCQ-BR;;;;;
7891222084557    ;H158BC-BR;;;;;
7891222260593    ;H158XCQ-BR;;;;;
7891222088807    ;H178XC-BR;;;;;
7891222061367    ;H053XC-BR;;;;;
7891222063347    ;H108XC-BR;;;;;
7891222260135    ;H126BCQ-BR;;;;;
7891222161081    ;HA045WC-BR;;;;;
7891222063781    ;H125BC-BR;;;;;
7891222260357    ;H135XCQ-BR;;;;;
7891222230947    ;HA168WC-BR;;;;;
7891222121764    ;H228BC-BR;;;;;
7891222260951    ;H196XCQ-BR;;;;;
7891222196137    ;HA196BC-BR;;;;;
7891222261392    ;H278BCQ-BR;;;;;
7891222111345    ;H165BC-BR;;;;;
7891222145302    ;H267BC-BR;;;;;
7891222261453    ;H285BCQ-BR;;;;;
7891222263075    ;HA278BCQ-BR;;;;;
7891222199077    ;HA318BC-BR;;;;;
7891222198568    ;HA278BC-BR;;;;;
7891222217351    ;HA333XC-BR;;;;;
7891222198599    ;HA278XC-BR;;;;;
7891222201275    ;ACP2-22B-BR;;;;;
7891222261552    ;H296XCQ-BR;;;;;
7891222162514    ;H296XC-BR;;;;;
7891222196502    ;ACP24-76-BR;;;;;
7891222269190    ;PIU-525-BR;;;;;
7891222310021    ;MONOP2;;;;;
7900000196631    ;3D-036-Gela;;;;;
7898152184814    ;30011011    ;;;;;
7898152180342    ;20000122    ;;;;;
50375018971    ;IN-44837AM;;;;;
7895286137235    ;E039.531.23;;;;;
7900000189336    ;IPC-IDAF41018;;;;;
7900000189398    ;IPC-MSUB00405;;;;;
7900000189411    ;IPC-MSUB00551;;;;;
7898152180144    ;FW004642;;;;;
7894023080384    ;FLCRP20;;;;;
7894023016970    ;FCDJ;;;;;
7898964436026    ;T-1102;;;;;
7898964436118    ;T-1201;;;;;
7898964436170    ;T-1207;;;;;
7898964436194    ;T-1209;;;;;
7898964436224    ;T-2202;;;;;
7898338260530    ;ARKE-11;;;;;
7900000197485    ;KDT-2028;;;;;
7900000197614    ;KDT-2125;;;;;
7900000196754    ;CFA460;;;;;
7891594047617    ;003D-HLCRCR;;;;;
7891594049536    ;G022-CIAPAP;;;;;
7894395008054    ;T-CDN17001;;;;;
7894395008061    ;T-CDV17001;;;;;
7898425522848    ;7957710    ;;;;;
7898425485808    ;7965679    ;;;;;
7898425489844    ;7965685    ;;;;;
7898425522466    ;7965688    ;;;;;
7898425489165    ;7951853    ;;;;;
7898425487628    ;7965682    ;;;;;
7898425523562    ;7950113    ;;;;;
7898425523487    ;7950105    ;;;;;
7898425523456    ;7950102    ;;;;;
7898425523500    ;7950107    ;;;;;
7898425486133    ;7951317    ;;;;;
7898425522794    ;7959256    ;;;;;
7899525670514    ;MART-7051;;;;;
7899525665190    ;MART-6519;;;;;
7899525665633    ;MART-6563;;;;;
7899525672204    ;MART-7220;;;;;
7899525665770    ;MART-6577;;;;;
7899525665497    ;MART-6549;;;;;
7899525665787    ;MART-6578;;;;;
7899525665800    ;MART-6580;;;;;
7899525666296    ;MART-6629;;;;;
7899525665213    ;MART-6521;;;;;
7899525664612    ;MART-6461;;;;;
7899525664629    ;MART-6462;;;;;
7899525664636    ;MART-6463;;;;;
7899525664643    ;MART-6464;;;;;
7899525666487    ;MART-6648;;;;;
7899525666494    ;MART-6649;;;;;
7899525662229    ;MART-6222;;;;;
7899525669891    ;MART-6989;;;;;
7899525668702    ;MART-6870;;;;;
7899525672037    ;MART-7203;;;;;
7899525668740    ;MART-6874;;;;;
7899525670545    ;MART-7054;;;;;
7899525670217    ;MART-7021;;;;;
7899525666067    ;MART-6606;;;;;
7898292025428    ;140320021    ;;;;;
7898292025718    ;100310025    ;;;;;
7898292020515    ;147200042    ;;;;;
7898292026579    ;147400050    ;;;;;
7898292026586    ;147400051    ;;;;;
7898292029921    ;147400061    ;;;;;
7898292024834    ;140140029    ;;;;;
7898292024865    ;140140032    ;;;;;
7898292024940    ;140140040    ;;;;;
7898292025145    ;149260074    ;;;;;
7898292024698    ;149260060    ;;;;;
7898292024704    ;149260061    ;;;;;
7898292025091    ;140260032    ;;;;;
7898292025220    ;140340008    ;;;;;
7898292026685    ;149400009    ;;;;;
7898292026692    ;149400010    ;;;;;
7898292026746    ;149400015    ;;;;;
7898292024919    ;140140037    ;;;;;
7898292025749    ;100310030    ;;;;;
7898292025763    ;100310032    ;;;;;
7898292025770    ;100310033    ;;;;;
7898292025824    ;100310038    ;;;;;
7898292025886    ;100310041    ;;;;;
7898292029617    ;149410025    ;;;;;
7898292029600    ;149410024    ;;;;;
7898292021840    ;147190043    ;;;;;
7898292025589    ;147190080    ;;;;;
7898292025657    ;147190087    ;;;;;
7892162092893    ;9289    ;;;;;
7892162064975    ;6497    ;;;;;
7892162116407    ;11640    ;;;;;
7892162088216    ;8821    ;;;;;
28877471556    ;CD121K-BR;;;;;
7898292026883    ;142200004    ;;;;;
7898292026876    ;142200003    ;;;;;
76174919189    ;4-91-918;;;;;
7899182783312    ;4-88-976;;;;;
7899182781462    ;4-86-308;;;;;
76174104868    ;10-486;;;;;
76174145663    ;14-566;;;;;
76174145588    ;14-558;;;;;
7898626953069    ;VS709BRA10;;;;;
7891506573111    ;1990-IPA-ECO-CR;;;;;
7900000194965    ;Jacuzzi-99843344;;;;;
7893809099688    ;Jacuzzi-99844649;;;;;
7893809077136    ;Jacuzzi-99843088;;;;;
7893809094522    ;Jacuzzi-99840274;;;;;
7893809100247    ;Jacuzzi-99861023;;;;;
7897746266646    ;91874090    ;;;;;
7892162078231    ;7823    ;;;;;
7898425489202    ;7951857    ;;;;;
7897752808335    ;VE020VDPDAB;;;;;
7898425485754    ;7951312    ;;;;;
7898425489141    ;7951851    ;;;;;
7898425489226    ;7951859    ;;;;;
7891461275020    ;848870    ;;;;;
7891461198527    ;771906    ;;;;;
7891461281922    ;847744    ;;;;;
7891461163662    ;699406    ;;;;;
7891461184629    ;738816    ;;;;;
7891461239374    ;695756    ;;;;;
7891461280796    ;647370    ;;;;;
7891461243944    ;848906    ;;;;;
7891461275082    ;849370    ;;;;;
7891461272524    ;486370    ;;;;;
7891461195724    ;765106    ;;;;;
7891461197742    ;767806    ;;;;;
7891461197797    ;768306    ;;;;;
7891461240271    ;840042    ;;;;;
7891461243906    ;848306    ;;;;;
7891461261955    ;885406    ;;;;;
7891461286996    ;847972    ;;;;;
7891461274184    ;848370    ;;;;;
7891461281960    ;848344    ;;;;;
7891461275006    ;848670    ;;;;;
7891461274214    ;873970    ;;;;;
7891461275174    ;850069    ;;;;;
7894200024071    ;4416202    ;;;;;
7894200243670    ;2060.GL97;;;;;
7894200278184    ;4903.C20.PQ;;;;;
7894200791089    ;L.76.95;;;;;
5450158693497    ;25098045    ;;;;;
7900000120575    ;24038655    ;;;;;
7893398509186    ;150911-2C-23;;;;;
7892175238301    ;M-7280;;;;;
7900000197379    ;M-4650;;;;;
7898964436262    ;T-2106;;;;;
7898338260790    ;ARKE-3;;;;;
7898338263555    ;ARKE-5046;;;;;
7898338262978    ;ARKE-5120;;;;;
7898338262961    ;ARKE-5119;;;;;
7900000197652    ;KDT-2276;;;;;
7900000197584    ;KDT-2283;;;;;
7891594049543    ;G023-CIAPAP;;;;;
7891594047990    ;0003-QACRCR;;;;;
7891594047716    ;047T-HLCRCR;;;;;
7891594049666    ;0T47-NRCRCR;;;;;
7894395000997    ;T-CIN25001;;;;;
7894395006326    ;T-GRC00008;;;;;
7898425522954    ;7958207    ;;;;;
7898425522879    ;7958199    ;;;;;
7898425522893    ;7958201    ;;;;;
7898425486720    ;7965681    ;;;;;
7898425489189    ;7951855    ;;;;;
7898425523517    ;7950108    ;;;;;
7898425485747    ;7951311    ;;;;;
7898425487178    ;7951331    ;;;;;
7898425522718    ;7959248    ;;;;;
7899525662540    ;MART-6254;;;;;
7899525661208    ;MART-6120;;;;;
7899525672228    ;MART-7222;;;;;
7899525666005    ;MART-6600;;;;;
7899525666319    ;MART-6631;;;;;
7899525666326    ;MART-6632;;;;;
7899525666623    ;MART-6662;;;;;
7899525657799    ;MART-5779;;;;;
7899525665176    ;MART-6517;;;;;
7899525665954    ;MART-6595;;;;;
7899525666159    ;MART-6615;;;;;
7899525664605    ;MART-6460;;;;;
7899525669884    ;MART-6988;;;;;
7899525670125    ;MART-7012;;;;;
7899525662694    ;MART-6269;;;;;
7899525662717    ;MART-6271;;;;;
7899525670200    ;MART-7020;;;;;
7899525663141    ;MART-6314;;;;;
7898292025350    ;140320014    ;;;;;
7898292025398    ;140320018    ;;;;;
7898292025435    ;140320022    ;;;;;
7898292025732    ;100310027    ;;;;;
7898292020546    ;147200045    ;;;;;
7898419470414    ;148170021    ;;;;;
7898292025015    ;140140047    ;;;;;
7898292024827    ;140140028    ;;;;;
7898292025183    ;140140053    ;;;;;
7898292025329    ;140320011    ;;;;;
7898292024797    ;149260070    ;;;;;
7898292025084    ;140260031    ;;;;;
7898292024780    ;149260069    ;;;;;
7898292027026    ;149400019    ;;;;;
7898419479431    ;149410006    ;;;;;
7898419467520    ;148160055    ;;;;;
7898292020478    ;147200032    ;;;;;
7892162086199    ;8619    ;;;;;
7892162113338    ;11333    ;;;;;
7892162050480    ;5048    ;;;;;
7897826105070    ;Gart-113020-011;;;;;
7897826105087    ;Gart-113026-001;;;;;
7897826105124    ;Gart-113026-005;;;;;
7897826105339    ;Gart-113027-004;;;;;
7897826105353    ;Gart-113027-006;;;;;
7897826105414    ;Gart-113028-001;;;;;
7897826105667    ;Gart-113029-004;;;;;
7897826105735    ;Gart-113029-011;;;;;
7897826106244    ;Gart-113038-008;;;;;
7897826106282    ;Gart-113039-001;;;;;
7897826106428    ;Gart-113040-004;;;;;
7897826106497    ;Gart-113040-011;;;;;
7897826106503    ;Gart-113045-001;;;;;
7897826106572    ;Gart-113045-008;;;;;
7897826106657    ;Gart-113046-005;;;;;
7897826106749    ;Gart-113050-003;;;;;
7897826106756    ;Gart-113050-004;;;;;
7897826106763    ;Gart-113050-005;;;;;
7897826106817    ;Gart-113050-010;;;;;
7897826106855    ;Gart-113051-003;;;;;
7897826105292    ;Gart-153026-011;;;;;
7897826105537    ;Gart-153028-002;;;;;
9008606158966    ;EGLO-49461V;;;;;
7896873186568    ;Komeco-100032233;;;;;
7891461354220    ;810344    ;;;;;
7891461306281    ;916444    ;;;;;
7891461306793    ;916470    ;;;;;
7891461307011    ;919370    ;;;;;
7891461310899    ;919670    ;;;;;
7891461310691    ;919869    ;;;;;
7891461307097    ;926344    ;;;;;
7894201059331    ;10085615    ;;;;;
7894693768865    ;94540052    ;;;;;
7891222203712    ;HA085XC-BR;;;;;
7891222088012    ;H086BC-BR;;;;;
7891222263136    ;HA308BCQ-BR;;;;;
7891222198865    ;HA308BC-BR;;;;;
7891222134818    ;H087XC-BR;;;;;
7891222262054    ;HA015BCQ-BR;;;;;
7891222061800    ;H057BC-BR;;;;;
7891222259399    ;H068XCQ-BR;;;;;
7891222090077    ;H188BC-BR;;;;;
7891222088746    ;H178BC-BR;;;;;
7891222260470    ;H145XCQ-BR;;;;;
7891222063583    ;H118XC-BR;;;;;
7891222260234    ;H128XCQ-BR;;;;;
7891222320778    ;H045BCQ-BR;;;;;
7891222260012    ;H124BCQ-BR;;;;;
7891222262290    ;HA045BCQ-BR;;;;;
7891222063309    ;H108BC-BR;;;;;
7891222262658    ;HA128BCQ-BR;;;;;
7891222202098    ;HA135BC-BR;;;;;
7891222262894    ;HA196BCQ-BR;;;;;
7891222140512    ;H251XC-BR;;;;;
7891222064542    ;H135XC-BR;;;;;
7891222260616    ;H165BCQ-BR;;;;;
7891222262832    ;HA168BCQ-BR;;;;;
7891222261316    ;H251XCQ-BR;;;;;
7891222236192    ;HA333BC-BR;;;;;
7891222228029    ;HA327WC-BR;;;;;
7891222201268    ;ACP2-22E-BR;;;;;
7891222282274    ;ACP31-8W-BR;;;;;
7891222144442    ;HDAU-BR1;;;;;
7891222173619    ;ES-BH228;;;;;
7898080478726    ;ICASA-ICA3;;;;;
7898080471819    ;ICASA-IB7;;;;;
7898960394061    ;3D-007-Marettimo;;;;;
7898960394139    ;3D-015-Tremiti;;;;;
7895286137891    ;E0563.20.20;;;;;
7900000189374    ;IPC-MSUT00666;;;;;
7898152186818    ;FW005874;;;;;
7898152180137    ;FW004641;;;;;
7898152189406    ;DF000009;;;;;
7898152188195    ;FW006126;;;;;
7894023049664    ;JPRAC18;;;;;
7894023084597    ;JALR;;;;;
7894023084610    ;JBLR;;;;;
7894023004281    ;JVTQ;;;;;
7894023030594    ;JCGR;;;;;
8414329730050    ;Z247977001;;;;;
8414329179507    ;Z5A0129C00;;;;;
76174680102    ;68-010;;;;;
7891222091418    ;PI-525-BR;;;;;
7891222196496    ;ACP23-17-BR;;;;;
7898960394047    ;3D-004-Linosa;;;;;
50375018933    ;IN-44837;;;;;
7898459276793    ;IPC-LPTE00648;;;;;
7898152180168    ;FW004644;;;;;
7898152189109    ;FW004245;;;;;
7898152188836    ;DL000001;;;;;
7894023064483    ;JBIS;;;;;
7894023067859    ;JTL1BR1;;;;;
7894023072945    ;CVCER;;;;;
7900000197003    ;M-3383-6;;;;;
7892175055205    ;M-4619;;;;;
7898964436521    ;T-3206;;;;;
7898964436019    ;T-1101;;;;;
7898964436101    ;T-1110;;;;;
7898964436378    ;T-2207;;;;;
7898338263562    ;ARKE-5043;;;;;
7898338261438    ;ARKE-60;;;;;
7898338262589    ;ARKE-5141;;;;;
7900000197645    ;KDT-2818;;;;;
7900000197683    ;KDT-2824;;;;;
7900000190004    ;KDT-2602;;;;;
7891594048041    ;0T47-QACRCR;;;;;
7891594049611    ;0006-NRCRCR;;;;;
7894395001482    ;T-COV36010;;;;;
7894395001079    ;T-CIN30037;;;;;
7894395002229    ;T-G1310025;;;;;
7898425521049    ;7965642    ;;;;;
7898425486768    ;7965663    ;;;;;
7898425489776    ;7965667    ;;;;;
7898425485228    ;7965678    ;;;;;
7898425523449    ;7950101    ;;;;;
7898425523463    ;7950103    ;;;;;
7898425521940    ;7951340    ;;;;;
7898425522770    ;7959254    ;;;;;
7898425522695    ;7959246    ;;;;;
7899525672235    ;MART-7223;;;;;
7899525657676    ;MART-5767;;;;;
7899525665510    ;MART-6551;;;;;
7899525665961    ;MART-6596;;;;;
7899525666616    ;MART-6661;;;;;
7899525665220    ;MART-6522;;;;;
7899525670019    ;MART-7001;;;;;
7899525672044    ;MART-7204;;;;;
7899525666050    ;MART-6605;;;;;
7898292025374    ;140320016    ;;;;;
7898292025381    ;140320017    ;;;;;
7898292025411    ;140320020    ;;;;;
7898292020539    ;147200044    ;;;;;
7898419466509    ;111200000    ;;;;;
7898292029945    ;147400063    ;;;;;
7898419469593    ;148170003    ;;;;;
7898292026395    ;147400074    ;;;;;
7898292026432    ;147400078    ;;;;;
7898292026456    ;147400080    ;;;;;
7898292025046    ;140140052    ;;;;;
7898292025053    ;140240017    ;;;;;
7898292025060    ;140240018    ;;;;;
7898292024728    ;149260063    ;;;;;
7898292024742    ;149260065    ;;;;;
7898292025152    ;149260075    ;;;;;
7898292024773    ;149260068    ;;;;;
7898419474566    ;100400004    ;;;;;
7898419479462    ;149410017    ;;;;;
7898292025664    ;147190088    ;;;;;
7892162058530    ;5853    ;;;;;
7892162116537    ;11653    ;;;;;
7892162124891    ;12489    ;;;;;
7892162148705    ;14870    ;;;;;
7892162100246    ;10024    ;;;;;
7892162151620    ;15162    ;;;;;
7892162144875    ;14487    ;;;;;
7898965033057    ;3005010    ;;;;;
8414329534078    ;A327110000;;;;;
7891333112934    ;A327A15860;;;;;
7891333084101    ;B327881001;;;;;
7891333084002    ;B327883001;;;;;
7892162090141    ;9014    ;;;;;
7899182781431    ;4-86-305;;;;;
76174933611    ;4-93-361;;;;;
76174162264    ;16-226;;;;;
76174145632    ;14-563;;;;;
76174121650    ;12-165;;;;;
76174773651    ;STHT77365;;;;;
7898626953106    ;VS902BRA10;;;;;
7898626953250    ;FX5010BRA10;;;;;
7898626953267    ;FX503BRA10;;;;;
7897451412758    ;Cortag-61275;;;;;
7898615848543    ;CH9005;;;;;
7900000172048    ;7951213    ;;;;;
7891461195526    ;763906    ;;;;;
7891461195342    ;763606    ;;;;;
7891461261894    ;884506    ;;;;;
7891461261900    ;884606    ;;;;;
7891461286941    ;847772    ;;;;;
7891461274146    ;847870    ;;;;;
7891461239299    ;695777    ;;;;;
7891461323677    ;647369    ;;;;;
7891461323806    ;699469    ;;;;;
7891461286668    ;388272    ;;;;;
7891461238674    ;837042    ;;;;;
7891461238940    ;738956    ;;;;;
7891461286514    ;626372    ;;;;;
7891461281670    ;486344    ;;;;;
7891461160852    ;692306    ;;;;;
7891461197773    ;768106    ;;;;;
7891461255497    ;873806    ;;;;;
7891461261887    ;886806    ;;;;;
7891461274153    ;847969    ;;;;;
7891461275037    ;873869    ;;;;;
7891461282516    ;449544    ;;;;;
7894200065517    ;4509502    ;;;;;
7892162145643    ;14564    ;;;;;
7894200701408    ;L.90.94;;;;;
7900000135296    ;92815211    ;;;;;
7897826104219    ;Gart-113003-002;;;;;
7897826104486    ;Gart-113010-007;;;;;
7897826104578    ;Gart-113011-005;;;;;
7897826104646    ;Gart-113012-001;;;;;
7897826104684    ;Gart-113012-005;;;;;
7897826104707    ;Gart-113012-007;;;;;
7897826104714    ;Gart-113012-008;;;;;
7897826104806    ;Gart-113018-006;;;;;
7897826104813    ;Gart-113018-007;;;;;
7897826105100    ;Gart-113026-003;;;;;
7897826105131    ;Gart-113026-006;;;;;
7897826105377    ;Gart-113027-008;;;;;
7897826105438    ;Gart-113028-003;;;;;
7897826105469    ;Gart-113028-006;;;;;
7897826105773    ;Gart-113030-004;;;;;
7897826105803    ;Gart-113030-007;;;;;
7897826105810    ;Gart-113030-008;;;;;
7897826106237    ;Gart-113038-007;;;;;
7897826106329    ;Gart-113039-005;;;;;
7897826106459    ;Gart-113040-007;;;;;
7897826106473    ;Gart-113040-009;;;;;
7897826106541    ;Gart-113045-005;;;;;
7897826106664    ;Gart-113046-006;;;;;
7897826106718    ;Gart-113046-011;;;;;
7897826106824    ;Gart-113050-011;;;;;
7897826106930    ;Gart-113051-011;;;;;
7897826105223    ;Gart-153026-004;;;;;
7897826105254    ;Gart-153026-007;;;;;
7897826105261    ;Gart-153026-008;;;;;
7897826105551    ;Gart-153028-004;;;;;
751320389961    ;502-BR;;;;;
9008606176021    ;EGLO-95499V;;;;;
7898626574127    ;MIDEA-LSA101;;;;;
7898626574165    ;MIDEA-LSX121;;;;;
7894202002282    ;AP.346.17;;;;;
7891461279660    ;904106    ;;;;;
7891461291907    ;916406    ;;;;;
7891461306939    ;917170    ;;;;;
7891461294571    ;918506    ;;;;;
7891461307004    ;919369    ;;;;;
7891461310769    ;919444    ;;;;;
7891461294687    ;919606    ;;;;;
7891461310707    ;919870    ;;;;;
7891461307042    ;926170    ;;;;;
7894201059379    ;10085619    ;;;;;
7894201059263    ;10085608    ;;;;;
7894201058501    ;10085571    ;;;;;
7896779461035    ;7896779461035    ;;;;;
7896779404230    ;7896779404230    ;;;;;
7896779401697    ;7896779401697    ;;;;;
7894693768858    ;94540053    ;;;;;
7891222263174    ;HA308XCQ-BR;;;;;
7891222259535    ;H085BCQ-BR;;;;;
7891222161142    ;HA088WC-BR;;;;;
7891222146552    ;HA017BC-BR;;;;;
7891222153031    ;HA038XC-BR;;;;;
7891222201756    ;HA087BC-BR;;;;;
7891222262177    ;HA026BCQ-BR;;;;;
7891222259696    ;H087XCQ-BR;;;;;
7891222191897    ;HA015XC-BR;;;;;
7891222262115    ;HA017BCQ-BR;;;;;
7891222148884    ;HA026BC-BR;;;;;
7891222089538    ;H052XC-BR;;;;;
7891222259290    ;H057BCQ-BR;;;;;
7891222062289    ;H078BC-BR;;;;;
7891222065228    ;H144BC-BR;;;;;
7891222260890    ;H188XCQ-BR;;;;;
7891222106457    ;H208BC-BR;;;;;
7891222259337    ;H057XCQ-BR;;;;;
7891222260555    ;H158BCQ-BR;;;;;
7891222259276    ;H055XCQ-BR;;;;;
7891222062081    ;H075XC-BR;;;;;
7891222062326    ;H078XC-BR;;;;;
7891222089514    ;H052BC-BR;;;;;
7891222259412    ;H075BCQ-BR;;;;;
7891222260371    ;H144BCQ-BR;;;;;
7891222320792    ;H045XCQ-BR;;;;;
7891222063101    ;H096XC-BR;;;;;
7891222064061    ;H126XC-BR;;;;;
7891222260074    ;H125BCQ-BR;;;;;
7891222261156    ;H237BCQ-BR;;;;;
7891222064306    ;H128XC-BR;;;;;
7891222302590    ;H107XC-BR;;;;;
7891222260654    ;H165XCQ-BR;;;;;
7891222145333    ;H267XC-BR;;;;;
7891222149911    ;H278XC-BR;;;;;
7891222262818    ;HA165XCQ-BR;;;;;
7891222262719    ;HA135BCQ-BR;;;;;
7891222262771    ;HA165BCQ-BR;;;;;
7891222260715    ;H168XCQ-BR;;;;;
7891222090312    ;H196XC-BR;;;;;
7891222261095    ;H228BCQ-BR;;;;;
7891222263372    ;HA378BCQ-BR;;;;;
7891222263235    ;HA318XCQ-BR;;;;;
7891222199916    ;ACP15-2X-BR;;;;;
7891222196519    ;ACP25-17-BR;;;;;
7891222095331    ;SH-BH5AC;;;;;
7891222292266    ;SH-AFB15-BR;;;;;
7891222166796    ;ES-BH126;;;;;
7891222194690    ;ES-BH107;;;;;
7898960394108    ;3D-011-Cretaccio;;;;;
7898960394160    ;3D-018-Pontinas;;;;;
7898960394184    ;3D-020-Tiberina;;;;;
7898152180700    ;20200202    ;;;;;
50375018964    ;IN-44837AL;;;;;
7898152186801    ;FW005873;;;;;
7898152180687    ;FW005406;;;;;
7898152181370    ;FW005735;;;;;
7898152188164    ;FW006115;;;;;
7898152188201    ;FW006127;;;;;
7898152188225    ;FW006129;;;;;
7894023050233    ;VR012;;;;;
7894023036039    ;CRP12;;;;;
7892175050293    ;M-4618-6;;;;;
7892175006320    ;M-4488-1;;;;;
7898964436132    ;T-1203;;;;;
7898964436514    ;T-3205;;;;;
7898964436057    ;T-1105;;;;;
7898964436309    ;T-2110;;;;;
7898964436347    ;T-2203;;;;;
7898964436385    ;T-2208;;;;;
7898338263579    ;ARKE-5044;;;;;
7898338262855    ;ARKE-5136;;;;;
7898338262886    ;ARKE-5144;;;;;
7900000197539    ;KDT-2117;;;;;
7900000197690    ;KDT-3046;;;;;
7900000197843    ;KDT-2437;;;;;
7891594049512    ;G018-CIAPAP;;;;;
7891594049529    ;G019-CIAPAP;;;;;
7894395001000    ;T-CIN30001;;;;;
7894395006296    ;T-GRC00069;;;;;
7898425485310    ;7965658    ;;;;;
7898425522299    ;7951880    ;;;;;
7898425485204    ;7965677    ;;;;;
7898425523159    ;7951252    ;;;;;
7898425523135    ;7951250    ;;;;;
7898425523142    ;7951251    ;;;;;
7898425522558    ;7959032    ;;;;;
7898425523845    ;7959272    ;;;;;
7899525665275    ;MART-6527;;;;;
7899525665312    ;MART-6531;;;;;
7899525665541    ;MART-6554;;;;;
7899525664513    ;MART-6451;;;;;
7899525664520    ;MART-6452;;;;;
7899525664568    ;MART-6456;;;;;
7899525666517    ;MART-6651;;;;;
7899525666524    ;MART-6652;;;;;
7899525672006    ;MART-7200;;;;;
7899525669877    ;MART-6987;;;;;
7899525671993    ;MART-7199;;;;;
7899525669921    ;MART-6992;;;;;
7899525663127    ;MART-6312;;;;;
7899525664582    ;MART-6458;;;;;
7899525666036    ;MART-6603;;;;;
7899525664483    ;MART-6448;;;;;
7898292020409    ;147200001    ;;;;;
7898292020492    ;147200040    ;;;;;
7898419460873    ;147400083    ;;;;;
7898292026593    ;147400052    ;;;;;
7898419469616    ;148170005    ;;;;;
7898292024803    ;140140026    ;;;;;
7898292024858    ;140140031    ;;;;;
7898292024926    ;140140038    ;;;;;
7898292024933    ;140140039    ;;;;;
7898292025176    ;149260077    ;;;;;
7898292025213    ;140340007    ;;;;;
7898292021581    ;149260103    ;;;;;
7898292021550    ;149260100    ;;;;;
7898292026708    ;149400011    ;;;;;
7898419470841    ;100400003    ;;;;;
7898292025800    ;100310036    ;;;;;
7898292025817    ;100310037    ;;;;;
7898292029631    ;149410027    ;;;;;
7898292025602    ;147190082    ;;;;;
7898292025626    ;147190084    ;;;;;
7892162064944    ;6494    ;;;;;
8433290460490    ;A32752R000;;;;;
7891333112880    ;A327A13860;;;;;
7898292025862    ;149260053    ;;;;;
7899182781417    ;4-86-303;;;;;
7899182781479    ;4-86-309;;;;;
76174155563    ;15-556;;;;;
7898626953076    ;VS803BRA10;;;;;
7898626953090    ;VS1000BRA10;;;;;
7898626952604    ;RP606BRA10;;;;;
7897451412765    ;Cortag-61276;;;;;
7893809110383    ;Jacuzzi-99859159;;;;;
7893809110390    ;Jacuzzi-99859167;;;;;
7893809099183    ;Jacuzzi-99844706;;;;;
7893809077198    ;Jacuzzi-99843120;;;;;
7893809088798    ;Jacuzzi-99811408;;;;;
7893809100476    ;Jacuzzi-99604837;;;;;
7893809087593    ;Jacuzzi-99850729;;;;;
7900000192275    ;Jacuzzi-99812265;;;;;
7900000193869    ;Jacuzzi-99604704;;;;;
7893809102074    ;Jacuzzi-97100150;;;;;
7893809101725    ;Jacuzzi-97500110;;;;;
7893809107482    ;Jacuzzi-99605628;;;;;
7893809107840    ;Jacuzzi-99606063;;;;;
7897826104103    ;Gart-113002-002;;;;;
7897826104110    ;Gart-113002-003;;;;;
7897826104202    ;Gart-113003-001;;;;;
7892162019951    ;1995    ;;;;;
7897752804214    ;AT22E27PDBC;;;;;
7900000172086    ;7951230    ;;;;;
7898425487130    ;7951328    ;;;;;
7891461263256    ;888306    ;;;;;
7891461261931    ;884906    ;;;;;
7891461286736    ;641872    ;;;;;
7891461283506    ;636070    ;;;;;
7891461261832    ;886206    ;;;;;
7891461274078    ;847369    ;;;;;
7891461274108    ;847670    ;;;;;
7891461286798    ;847672    ;;;;;
7891461286491    ;589272    ;;;;;
7891461197834    ;768906    ;;;;;
7891461197865    ;769206    ;;;;;
7891461261863    ;886606    ;;;;;
7891461275143    ;849870    ;;;;;
7891461275136    ;849869    ;;;;;
7891461275150    ;849969    ;;;;;
7891461271558    ;449569    ;;;;;
7898965033095    ;1510022    ;;;;;
28877524580    ;DF-080;;;;;
7894200708704    ;P.232.94;;;;;
7900000200208    ;5437-10094;;;;;
7894693736970    ;94815221    ;;;;;
5450158704827    ;25098063    ;;;;;
5450158705824    ;25098079    ;;;;;
7900000112877    ;9345730    ;;;;;
7894200139805    ;1509.C35.112;;;;;
7900000193609    ;Jacuzzi-99850778;;;;;
7893809101701    ;Jacuzzi-97500094;;;;;
7893809106966    ;Jacuzzi-99606030;;;;;
7895397033655    ;PL8150033;;;;;
7897826103984    ;Gart-113001-001;;;;;
7897826104158    ;Gart-113002-007;;;;;
7897826104172    ;Gart-113002-009;;;;;
7897826104196    ;Gart-113002-011;;;;;
7897826104288    ;Gart-113003-009;;;;;
7897826104332    ;Gart-113004-003;;;;;
7897826104363    ;Gart-113004-006;;;;;
7897826104516    ;Gart-113010-010;;;;;
7897826104547    ;Gart-113011-002;;;;;
7897826104622    ;Gart-113011-010;;;;;
7897826104660    ;Gart-113012-003;;;;;
7897826104868    ;Gart-113019-001;;;;;
7897826105117    ;Gart-113026-004;;;;;
7897826105315    ;Gart-113027-002;;;;;
7897826105476    ;Gart-113028-007;;;;;
7897826105506    ;Gart-113028-010;;;;;
7897826105513    ;Gart-113028-011;;;;;
7897826105636    ;Gart-113029-001;;;;;
7897826106183    ;Gart-113038-002;;;;;
7897826106343    ;Gart-113039-007;;;;;
7897826106602    ;Gart-113045-011;;;;;
7897826106626    ;Gart-113046-002;;;;;
7897826106688    ;Gart-113046-008;;;;;
7897826106787    ;Gart-113050-007;;;;;
7897826105247    ;Gart-153026-006;;;;;
7897826105889    ;Gart-153031-004;;;;;
7897826105902    ;Gart-153031-006;;;;;
7897826105926    ;Gart-153031-008;;;;;
7897826104639    ;Gart-113011-011;;;;;
7891333086259    ;1253510020100    ;;;;;
7898292026623    ;147400055    ;;;;;
7894395000980    ;T-CIN20010;;;;;
7898425522961    ;7958208    ;;;;;
7897826104264    ;Gart-113003-007;;;;;
7891461354244    ;810370    ;;;;;
7899182782650    ;4-88-133;;;;;
7900000126850    ;5442-10135;;;;;
7894023014297    ;TMLE;;;;;
7897826104745    ;Gart-113012-011;;;;;
7898964436033    ;T-1103;;;;;
7891222166246    ;H285BC-BR;;;;;
7898292025190    ;149260078    ;;;;;
7896779401734    ;MEKAL-CR-30;;;;;
7898152180694    ;20200201    ;;;;;
7895397033648    ;PL8472033;;;;;
7897826104943    ;Gart-113019-009;;;;;
7891222061329    ;H053BC-BR;;;;;
7898964436354    ;T-2205;;;;;
7898292029914    ;147400060    ;;;;;
7891461281977    ;848644    ;;;;;
7899525665947    ;MART-6594;;;;;
7900000196518    ;IBBL-6403-220;;;;;
7893809087548    ;Jacuzzi-99850620;;;;;
7898425522725    ;7959249    ;;;;;
7898928059605    ;A-001.102.500;;;;;
7891594049437    ;040N-BAAPAP;;;;;
7891222262450    ;HA086XCQ-BR;;;;;
7899182781042    ;4-86-102;;;;;
7891461239336    ;695781    ;;;;;
7891461274092    ;847669    ;;;;;
7891461197803    ;768606    ;;;;;
7894023079081    ;JSIFAU;;;;;
7897826104455    ;Gart-113010-004;;;;;
7893809103279    ;Jacuzzi-99849374;;;;;
7899525666234    ;MART-6623;;;;;
7898292024964    ;140140042    ;;;;;
7891222166277    ;H285XC-BR;;;;;
7897752808342    ;VE020VDPDFM;;;;;
7898292025725    ;100310026    ;;;;;
7898292024810    ;140140027    ;;;;;
7900000197621    ;KDT-2133;;;;;
76174920659    ;16-013;;;;;
7898425485174    ;7965676    ;;;;;
7898419479264    ;800140020    ;;;;;
7897826106220    ;Gart-113038-006;;;;;
7897826106435    ;Gart-113040-005;;;;;
7891222256695    ;SP01-4W-BR;;;;;
7891461281939    ;847844    ;;;;;
7891222191835    ;HA015BC-BR;;;;;
7899525672020    ;MART-7202;;;;;
8414329900446    ;A890095001;;;;;
7898292028757    ;140140006    ;;;;;
7891461286705    ;388472    ;;;;;
7899525665329    ;MART-6532;;;;;
7897826105285    ;Gart-153026-010;;;;;
7900000196693    ;7896779401055    ;;;;;
7891222198896    ;HA308XC-BR;;;;;
7898626953021    ;VS700BRA10;;;;;
7899525669853    ;MART-6985;;;;;
7899525662861    ;MART-6286;;;;;
7898425523432    ;7950100    ;;;;;
7891461306502    ;926470    ;;;;;
7893809087579    ;Jacuzzi-99850703;;;;;
7897826104257    ;Gart-113003-006;;;;;
7891461261856    ;886406    ;;;;;
7898964436361    ;T-2206;;;;;
7898292024896    ;140140035    ;;;;;
9008606159666    ;EGLO-94439V;;;;;
7891222260173    ;H126XCQ-BR;;;;;
8433290327830    ;Z26N015000;;;;;
50375018957    ;IN-44837B;;;;;
7899525664575    ;MART-6457;;;;;
7891222099384    ;ASTRA-VDB;;;;;
7891222062524    ;H085BC-BR;;;;;
7898425521087    ;7965645    ;;;;;
7898488388115    ;MIDEA-42BQA024510HC;;;;;
7894023034684    ;JCIR;;;;;
7897826104769    ;Gart-113018-002;;;;;
7899525671962    ;MART-7196;;;;;
7892162005855    ;585    ;;;;;
7891222192498    ;HA086XC-BR;;;;;
7891222260319    ;H135BCQ-BR;;;;;
7897826105490    ;Gart-113028-009;;;;;
7894200181255    ;1100.SP.133.01;;;;;
7898425523470    ;7950104    ;;;;;
7891461238681    ;837142    ;;;;;
7898425523241    ;7965693    ;;;;;
7898292020485    ;147200033    ;;;;;
7899525666401    ;MART-6640;;;;;
7900000196600    ;3D-033-Perugia;;;;;
7893809077259    ;Jacuzzi-99843161;;;;;
7891461243876    ;847706    ;;;;;
7900000132929    ;4900.C25.GD;;;;;
7891461311032    ;931369    ;;;;;
7898419474634    ;100400011    ;;;;;
7892162135187    ;13518    ;;;;;
7894203012143    ;1990.BL.STD.MT;;;;;
7894395003806    ;T-TSB22004;;;;;
7894200211815    ;000.H97.212.18;;;;;
7898425485761    ;7951313    ;;;;;
7894023043877    ;JCUBAV;;;;;
7898338262602    ;ARKE-5143;;;;;
7893809100261    ;Jacuzzi-99861049;;;;;
7899182780977    ;4-86-025;;;;;
7891461281915    ;847644    ;;;;;
7891461306496    ;926469    ;;;;;
7897826106725    ;Gart-113050-001;;;;;
7891461286835    ;873872    ;;;;;
7891594049345    ;G18A-CIAPAP;;;;;
7894395006968    ;T-G1315009;;;;;
7898292026418    ;147400076    ;;;;;
7898292021833    ;147190042    ;;;;;
7894201059188    ;10085600    ;;;;;
7897826104431    ;Gart-113010-002;;;;;
7897826105162    ;Gart-113026-009;;;;;
7891461306335    ;926169    ;;;;;
76174121643    ;12-164;;;;;
7898292021567    ;149260101    ;;;;;
7897826104462    ;Gart-113010-005;;;;;
7897826105391    ;Gart-113027-010;;;;;
7891461183813    ;647344    ;;;;;
7898292024735    ;149260064    ;;;;;
7893809056841    ;Jacuzzi-99811101;;;;;
7897826103991    ;Gart-113001-002;;;;;
7897826104165    ;Gart-113002-008;;;;;
7891461238896    ;738978    ;;;;;
7894023054873    ;CVCQ;;;;;
7894693768049    ;94540051    ;;;;;
7900000192671    ;Jacuzzi-99812067;;;;;
7899182787372    ;4-87-145;;;;;
7898292025619    ;147190083    ;;;;;
7892162151644    ;15164    ;;;;;
7899701924073    ;DC00048M100;;;;;
7891461305604    ;931006    ;;;;;
7891222064023    ;H126BC-BR;;;;;
7893809108519    ;Jacuzzi-99840902;;;;;
7897826104585    ;Gart-113011-006;;;;;
7898292020522    ;147200043    ;;;;;
7894023101362    ;JSSB;;;;;
7899525666272    ;MART-6627;;;;;
7898292025404    ;140320019    ;;;;;
7897826104394    ;Gart-113004-009;;;;;
7900000197508    ;KDT-2136;;;;;
7891461317119    ;920404    ;;;;;
7891461197827    ;768806    ;;;;;
7894200180043    ;4993.C90.CHU;;;;;
50375017004    ;IN-44318;;;;;
7891461197872    ;769306    ;;;;;
7894023086133    ;TJEC19B;;;;;
7898292025794    ;100310035    ;;;;;
7891222104125    ;SH-3MJAC;;;;;
7897826104509    ;Gart-113010-009;;;;;
7891222063828    ;H125XC-BR;;;;;
7891222212929    ;H228WC-BR;;;;;
7899525665534    ;MART-6553;;;;;
7891222062807    ;H088XC-BR;;;;;
7891222259214    ;H053XCQ-BR;;;;;
7891222158623    ;HA045XC-BR;;;;;
7891461311018    ;931344    ;;;;;
7891461238650    ;836942    ;;;;;
7898964436316    ;T-2201;;;;;
7898425487604    ;7965683    ;;;;;
7891461311056    ;931370    ;;;;;
7891222261194    ;H237XCQ-BR;;;;;
7899525670323    ;MART-7032;;;;;
7900000196648    ;3D-037-Savona;;;;;
7898152180151    ;FW004643;;;;;
7897826104523    ;Gart-113010-011;;;;;
7897826105155    ;Gart-113026-008;;;;;
7898440685146    ;2263-E76;;;;;
7891222065501    ;H068XC-BR;;;;;
7893809105044    ;Jacuzzi-99840423;;;;;
7891461274122    ;847770    ;;;;;
7891222217153    ;HA327BC-BR;;;;;
76174121636    ;12-163;;;;;
7891222250808    ;H368XC-BR;;;;;
7896587095651    ;7967000    ;;;;;
7891461243890    ;847906    ;;;;;
7891461283490    ;636069    ;;;;;
76174456004    ;45-600;;;;;
7891461286477    ;322672    ;;;;;
8433290460667    ;A32753R000;;;;;
7891461310660    ;919970    ;;;;;
7893809104696    ;Jacuzzi-99840415;;;;;
7897826104967    ;Gart-113019-011;;;;;
9008606159048    ;EGLO-49849V;;;;;
7898425522978    ;7958209    ;;;;;
7894200742920    ;P.470.95;;;;;
7893809103002    ;Jacuzzi-97500300;;;;;
7897826105766    ;Gart-113030-003;;;;;
7897826106398    ;Gart-113040-001;;;;;
7897826106695    ;Gart-113046-009;;;;;
7898964436125    ;T-1202;;;;;
7898292025138    ;149260073    ;;;;;
7891222062043    ;H075BC-BR;;;;;
7898152188218    ;FW006128;;;;;
7891461310561    ;931044    ;;;;;
7891222263198    ;HA318BCQ-BR;;;;;
7894023010282    ;VP012;;;;;
7898425523722    ;7965703    ;;;;;
7898292026739    ;149400014    ;;;;;
7900000192381    ;Jacuzzi-99812232;;;;;
751320390110    ;1003-BR;;;;;
7898606780173    ;Vulcan-210447;;;;;
7894200065487    ;4509202    ;;;;;
7891461323639    ;886370    ;;;;;
7894395004667    ;T-CIN40001;;;;;
7899525672242    ;MART-7224;;;;;
7899525665183    ;MART-6518;;;;;
7897826106251    ;Gart-113038-009;;;;;
7891222159439    ;HA045BC-BR;;;;;
7891222260913    ;H196BCQ-BR;;;;;
7896779400997    ;MEKAL-CD-40;;;;;
7891222230909    ;HA087WC-BR;;;;;
7898960394092    ;3D-010-Torcello;;;;;
7897826105711    ;Gart-113029-009;;;;;
8433290327731    ;Z26N001000;;;;;
7899525665817    ;MART-6581;;;;;
7891222153499    ;HA088XC-BR;;;;;
7898292024872    ;140140033    ;;;;;
7891222260432    ;H145BCQ-BR;;;;;
7894023013290    ;JBVG12;;;;;
7898292025312    ;140320010    ;;;;;
7891461310844    ;918569    ;;;;;
7891222084694    ;HE107WC-BR;;;;;
7891333091918    ;B60001M050;;;;;
7898425521698    ;7965648    ;;;;;
7898080479235    ;ICASA-ICA5;;;;;
7898945540469    ;AZ001524560;;;;;
7892162500923    ;50092    ;;;;;
7898292025107    ;140260033    ;;;;;
7891222086216    ;H168BC-BR;;;;;
7898080474568    ;ICASA-ICA16;;;;;
7891461329303    ;824870    ;;;;;
7891222216842    ;HA128BC-BR;;;;;
7897826105704    ;Gart-113029-008;;;;;
7898152181257    ;FW005575;;;;;
7897826104141    ;Gart-113002-006;;;;;
7891461263201    ;888006    ;;;;;
7891222259597    ;H086BCQ-BR;;;;;
7900000200277    ;1323–5697;;;;;
7893809102135    ;Jacuzzi-97100218;;;;;
7897826105308    ;Gart-113027-001;;;;;
7899525666302    ;MART-6630;;;;;
7900000200390    ;800240010    ;;;;;
7898292029983    ;149410022    ;;;;;
7898152186795    ;FW005872;;;;;
7897826105148    ;Gart-113026-007;;;;;
7900000127048    ;26343-58174;;;;;
7893398560170    ;150911-2C-56;;;;;
7898964436071    ;T-1107;;;;;
7899525670071    ;MART-7007;;;;;
7891222064986    ;H147BC-BR;;;;;
7897826104080    ;Gart-113001-011;;;;;
7897826106268    ;Gart-113038-010;;;;;
7891461286675    ;388372    ;;;;;
7898152186825    ;FW006007;;;;;
7894395002328    ;T-G2810001;;;;;
7898419466523    ;111200002    ;;;;;
9008606142330    ;EGLO-94589V;;;;;
7897826104127    ;Gart-113002-004;;;;;
7891461275181    ;850070    ;;;;;
7891461261986    ;885806    ;;;;;
7900000126867    ;5760-10334;;;;;
7898338263524    ;ARKE-5067;;;;;
7900000197515    ;KDT-2137;;;;;
7891222084670    ;H107BC-BR;;;;;
7898960394207    ;3D-022-Murano;;;;;
7898292025688    ;147190090    ;;;;;
7891461310837    ;918544    ;;;;;
7897826106374    ;Gart-113039-010;;;;;
7891461261870    ;886706    ;;;;;
7899525666500    ;MART-6650;;;;;
7899525666531    ;MART-6653;;;;;
7899525665923    ;MART-6592;;;;;
7898292025879    ;100310040    ;;;;;
7899701924790    ;RV00211UN00;;;;;
7897826104837    ;Gart-113018-009;;;;;
7898964436279    ;T-2107;;;;;
7898292025039    ;140140049    ;;;;;
7898425523685    ;7965699    ;;;;;
7898292025305    ;140320009    ;;;;;
8433291101033    ;A32799E000;;;;;
7898425485778    ;7965661    ;;;;;
7897826104615    ;Gart-113011-009;;;;;
7891222259573    ;H085XCQ-BR;;;;;
7898964436187    ;T-1208;;;;;
7899525662281    ;MART-6228;;;;;
7898419474641    ;100400012    ;;;;;
7893809106980    ;Jacuzzi-99606055;;;;;
7895397038063    ;PL8720033;;;;;
7897826104134    ;Gart-113002-005;;;;;
7897826105780    ;Gart-113030-005;;;;;
7900000173045    ;17663    ;;;;;
7894023063103    ;CVCLA;;;;;
7898338260608    ;ARKE-32;;;;;
7891461294656    ;919306    ;;;;;
7891461282189    ;848844    ;;;;;
7891461084431    ;273706    ;;;;;
7893809096458    ;Jacuzzi-99844565;;;;;
7893809099206    ;Jacuzzi-99844821;;;;;
7900000192237    ;Jacuzzi-99843245;;;;;
7893809077051    ;Jacuzzi-99843021;;;;;
7893809104702    ;Jacuzzi-99840407;;;;;
7893809088897    ;Jacuzzi-99811507;;;;;
7893809099220    ;Jacuzzi-99500498;;;;;
7893809067212    ;Jacuzzi-99603003;;;;;
7893809087616    ;Jacuzzi-99850745;;;;;
7893809103057    ;Jacuzzi-97500359;;;;;
7893809103033    ;Jacuzzi-97500334;;;;;
7893809108052    ;Jacuzzi-97500425;;;;;
7893809097264    ;Jacuzzi-99604688;;;;;
7895397037202    ;PL8426033;;;;;
7897826104042    ;Gart-113001-007;;;;;
7897826104066    ;Gart-113001-009;;;;;
7897826104226    ;Gart-113003-003;;;;;
7897826104325    ;Gart-113004-002;;;;;
7897826104493    ;Gart-113010-008;;;;;
7897826104653    ;Gart-113012-002;;;;;
7897826104677    ;Gart-113012-004;;;;;
7897826104752    ;Gart-113018-001;;;;;
7897826104820    ;Gart-113018-008;;;;;
7897826104882    ;Gart-113019-003;;;;;
7897826104905    ;Gart-113019-005;;;;;
7897826104998    ;Gart-113020-003;;;;;
7897826105025    ;Gart-113020-006;;;;;
7897826105063    ;Gart-113020-010;;;;;
7897826105346    ;Gart-113027-005;;;;;
7897826105650    ;Gart-113029-003;;;;;
7897826105681    ;Gart-113029-006;;;;;
7897826105698    ;Gart-113029-007;;;;;
7897826105759    ;Gart-113030-002;;;;;
7897826105797    ;Gart-113030-006;;;;;
7897826105841    ;Gart-113030-011;;;;;
7897826106176    ;Gart-113038-001;;;;;
7897826106190    ;Gart-113038-003;;;;;
7897826106206    ;Gart-113038-004;;;;;
7897826106275    ;Gart-113038-011;;;;;
7897826106336    ;Gart-113039-006;;;;;
7897826106381    ;Gart-113039-011;;;;;
7897826106466    ;Gart-113040-008;;;;;
7897826106565    ;Gart-113045-007;;;;;
7897826106596    ;Gart-113045-010;;;;;
7897826106671    ;Gart-113046-007;;;;;
7897826106701    ;Gart-113046-010;;;;;
7897826106732    ;Gart-113050-002;;;;;
7897826106800    ;Gart-113050-009;;;;;
7897826106848    ;Gart-113051-002;;;;;
7897826106923    ;Gart-113051-010;;;;;
7897826105568    ;Gart-153028-005;;;;;
7897826105582    ;Gart-153028-007;;;;;
7897826105896    ;Gart-153031-005;;;;;
9008606159451    ;EGLO-32057V;;;;;
7898626574981    ;MIDEA-LSC121;;;;;
7898626570143    ;MIDEA-MYAG32;;;;;
7894200202103    ;000.013.034.05;;;;;
7891461353704    ;887969    ;;;;;
7891461306342    ;916469    ;;;;;
7891461306908    ;917144    ;;;;;
7891461310851    ;918570    ;;;;;
7891461294663    ;919406    ;;;;;
7891461310783    ;919470    ;;;;;
7891461310738    ;919769    ;;;;;
7891461306267    ;926244    ;;;;;
7891461299026    ;926306    ;;;;;
7891461307158    ;926744    ;;;;;
7891461306571    ;931306    ;;;;;
7891461312091    ;931670    ;;;;;
7891461317522    ;940606    ;;;;;
7891333120113    ;3899830100100    ;;;;;
7894201058914    ;10085572    ;;;;;
7894201059256    ;10085607    ;;;;;
7894201058921    ;10085573    ;;;;;
7894201059270    ;10085609    ;;;;;
7894201059218    ;10085603    ;;;;;
7894201059195    ;10085601    ;;;;;
7896779403165    ;MEKAL-CR-16;;;;;
7891222230893    ;HA085WC-BR;;;;;
7891222201787    ;HA087XC-BR;;;;;
7891222262535    ;HA088BCQ-BR;;;;;
7891222146613    ;HA017XC-BR;;;;;
7891222262511    ;HA087XCQ-BR;;;;;
7891222262214    ;HA026XCQ-BR;;;;;
7891222153000    ;HA038BC-BR;;;;;
7891222262276    ;HA038XCQ-BR;;;;;
7891222261019    ;H208XCQ-BR;;;;;
7891222260494    ;H147BCQ-BR;;;;;
7891222260777    ;H178XCQ-BR;;;;;
7891222061848    ;H057XC-BR;;;;;
7891222131282    ;H237BC-BR;;;;;
7891222063545    ;H118BC-BR;;;;;
7891222260050    ;H124XCQ-BR;;;;;
7891222131404    ;H237XC-BR;;;;;
7891222259771    ;H096BCQ-BR;;;;;
7891222262337    ;HA045XCQ-BR;;;;;
7891222259955    ;H118BCQ-BR;;;;;
7891222113561    ;H124XC-BR;;;;;
7891222260678    ;H168BCQ-BR;;;;;
7891222262931    ;HA196XCQ-BR;;;;;
7891222261330    ;H267BCQ-BR;;;;;
7891222111369    ;H165XC-BR;;;;;
7891222090190    ;H196BC-BR;;;;;
7891222260258    ;H133BCQ-BR;;;;;
7891222199107    ;HA318XC-BR;;;;;
7891222230985    ;HA333WC-BR;;;;;
7899182782735    ;4-88-165;;;;;
7899182781455    ;4-86-307;;;;;
7899182781486    ;4-86-310;;;;;
76174933628    ;4-93-362;;;;;
747752782463    ;78-246LA;;;;;
76174145649    ;14-564;;;;;
76174331585    ;33-158;;;;;
7898626953625    ;VS500BRA10;;;;;
7898606780531    ;Vulcan-210445;;;;;
7893809099350    ;Jacuzzi-99844763;;;;;
7893809099251    ;Jacuzzi-99844805;;;;;
7893809103255    ;Jacuzzi-99849358;;;;;
7893809107970    ;Jacuzzi-99840803;;;;;
7893809088873    ;Jacuzzi-99811481;;;;;
7893809085230    ;Jacuzzi-99500480;;;;;
7893809087586    ;Jacuzzi-99850711;;;;;
7900000192374    ;Jacuzzi-99812240;;;;;
7893809107512    ;Jacuzzi-99606113;;;;;
7897826104011    ;Gart-113001-004;;;;;
7897826104028    ;Gart-113001-005;;;;;
7897826104073    ;Gart-113001-010;;;;;
7897826104240    ;Gart-113003-005;;;;;
7897826104370    ;Gart-113004-007;;;;;
7897826104400    ;Gart-113004-010;;;;;
7897826104530    ;Gart-113011-001;;;;;
7897826104561    ;Gart-113011-004;;;;;
7897826104738    ;Gart-113012-010;;;;;
7897826104776    ;Gart-113018-003;;;;;
7897826104851    ;Gart-113018-011;;;;;
7897826104929    ;Gart-113019-007;;;;;
7897826104950    ;Gart-113019-010;;;;;
7897826104981    ;Gart-113020-002;;;;;
7897826105018    ;Gart-113020-005;;;;;
7897826105032    ;Gart-113020-007;;;;;
7892162090042    ;9004    ;;;;;
7898425489158    ;7951852    ;;;;;
7898425489196    ;7951856    ;;;;;
7900000172475    ;201178206    ;;;;;
7891461161149    ;692806    ;;;;;
7891461284909    ;909406    ;;;;;
7891461198053    ;771106    ;;;;;
7891461274191    ;850370    ;;;;;
7891461262006    ;886006    ;;;;;
7891461274139    ;847869    ;;;;;
7891461286637    ;387772    ;;;;;
7891461198831    ;772206    ;;;;;
7891461243951    ;849306    ;;;;;
7891461261825    ;886106    ;;;;;
7891461274085    ;847370    ;;;;;
7891461281908    ;847344    ;;;;;
7891461275068    ;848970    ;;;;;
7891461238889    ;738977    ;;;;;
7891461286538    ;626672    ;;;;;
7891461286934    ;486372    ;;;;;
7891461195663    ;764906    ;;;;;
7891461197766    ;768006    ;;;;;
7891461243913    ;848606    ;;;;;
7891461244019    ;850006    ;;;;;
7891461261948    ;885306    ;;;;;
7891461274160    ;847970    ;;;;;
7891461274993    ;848669    ;;;;;
7891461271565    ;449570    ;;;;;
7894200215219    ;4900.BL64.PQ.MT;;;;;
7892162145667    ;14566    ;;;;;
7896513315297    ;16655-17615;;;;;
7894200278191    ;4903.C21.PQ;;;;;
7900000112969    ;24036107    ;;;;;
7900000120490    ;9343607    ;;;;;
7900000120711    ;24037361    ;;;;;
7897826105742    ;Gart-113030-001;;;;;
7897826106299    ;Gart-113039-002;;;;;
7897826106442    ;Gart-113040-006;;;;;
7897826106916    ;Gart-113051-009;;;;;
7891506005575    ;FABRIMAR-1181;;;;;
7898488388108    ;MIDEA-42BQA018510HC;;;;;
7894203003189    ;1785.C;;;;;
7891461333119    ;888270    ;;;;;
7891461306922    ;917169    ;;;;;
7891461310875    ;919644    ;;;;;
7891461310882    ;919669    ;;;;;
7891461310684    ;919844    ;;;;;
7891461307073    ;926270    ;;;;;
7891461307103    ;926369    ;;;;;
7891461310585    ;931070    ;;;;;
7891461306564    ;931206    ;;;;;
7894201059010    ;10085582    ;;;;;
7894201059362    ;10085618    ;;;;;
7894201059003    ;10085581    ;;;;;
7898002563080    ;IBBL-17032;;;;;
7891222198988    ;HA308WC-BR;;;;;
7891222262474    ;HA087BCQ-BR;;;;;
7891222259719    ;H088BCQ-BR;;;;;
7891222192528    ;HA086WC-BR;;;;;
7891222062760    ;H088BC-BR;;;;;
7891222262092    ;HA015XCQ-BR;;;;;
7891222260418    ;H144XCQ-BR;;;;;
7891222064740    ;H145BC-BR;;;;;
7891222259115    ;H052BCQ-BR;;;;;
7891222259177    ;H053BCQ-BR;;;;;
7891222259450    ;H075XCQ-BR;;;;;
7891222260739    ;H178BCQ-BR;;;;;
7891222106471    ;H208XC-BR;;;;;
7891222259993    ;H118XCQ-BR;;;;;
7891222260197    ;H128BCQ-BR;;;;;
7891222064269    ;H128BC-BR;;;;;
7891222259818    ;H096XCQ-BR;;;;;
7891222259894    ;H108BCQ-BR;;;;;
7891222064504    ;H135BC-BR;;;;;
7891222196311    ;HA168BC-BR;;;;;
7891222261132    ;H228XCQ-BR;;;;;
7891222262696    ;HA128XCQ-BR;;;;;
7891222202210    ;HA135XC-BR;;;;;
7891222230930    ;HA165WC-BR;;;;;
7891222121887    ;H228XC-BR;;;;;
7891222133989    ;H133XC-BR;;;;;
7891222196342    ;HA168XC-BR;;;;;
7891222262757    ;HA135XCQ-BR;;;;;
7891222140390    ;H251BC-BR;;;;;
7891222261378    ;H267XCQ-BR;;;;;
7891222261491    ;H285XCQ-BR;;;;;
7891222261439    ;H278XCQ-BR;;;;;
7891222263112    ;HA278XCQ-BR;;;;;
7891222164525    ;H296BC-BR;;;;;
7891222174814    ;ACP9-132-BR;;;;;
7891222130766    ;CROMOT1C;;;;;
7891222170267    ;ES-BH208;;;;;
7891222161333    ;ES-BH168;;;;;
7898960394078    ;3D-008-Elba;;;;;
7898960394313    ;3D-031-Arezzo;;;;;
7898960394085    ;3D-009-Giannutri;;;;;
7898152180335    ;20000121    ;;;;;
7898152183411    ;20001421    ;;;;;
7898152180571    ;926902000    ;;;;;
7898152181202    ;FW005283;;;;;
7898152181219    ;FW005284;;;;;
7898152181240    ;FW005574;;;;;
7898152188775    ;DC000001;;;;;
7898152189413    ;DF000010;;;;;
7894023062786    ;JSIF1AS;;;;;
7894023093834    ;JCSRS1;;;;;
7894023062465    ;1190TD;;;;;
7896525098836    ;LQ2220IX;;;;;
7896518510239    ;UM45BIBR;;;;;
7892175275634    ;M-9575;;;;;
7898964436156    ;T-1205;;;;;
7898964436200    ;T-1210;;;;;
7898964436217    ;T-2101;;;;;
7898964436293    ;T-2109;;;;;
7898338263548    ;ARKE-5045;;;;;
7898338262572    ;ARKE-5140;;;;;
7900000197522    ;KDT-2120;;;;;
7898928059001    ;A-001.202.500;;;;;
7891594049369    ;005K-AGCRCR;;;;;
7891594051034    ;Q19A-ECAPAP;;;;;
7891594047587    ;0002-HLCRCR;;;;;
7891594049307    ;G22A-CIAPAP;;;;;
7894395003899    ;T-CIN40010;;;;;
7894395002069    ;T-GES11004;;;;;
7894395002298    ;T-G1365025;;;;;
7894395007002    ;T-G1365009;;;;;
7894395006319    ;T-GRC00002;;;;;
7894395006333    ;T-GRC00009;;;;;
7898425522947    ;7958206    ;;;;;
7898425489707    ;7965654    ;;;;;
7898425523661    ;7965697    ;;;;;
7898425486713    ;7965680    ;;;;;
7898425521094    ;7965646    ;;;;;
7898425520974    ;7965640    ;;;;;
7898425521070    ;7965644    ;;;;;
7898425486751    ;7965662    ;;;;;
7898425523494    ;7950106    ;;;;;
7898425523548    ;7950111    ;;;;;
7899525665794    ;MART-6579;;;;;
7899525666289    ;MART-6628;;;;;
7899525665336    ;MART-6533;;;;;
7899525665930    ;MART-6593;;;;;
7899525665985    ;MART-6598;;;;;
7899525664506    ;MART-6450;;;;;
7899525665978    ;MART-6597;;;;;
7899525666166    ;MART-6616;;;;;
7899525664544    ;MART-6454;;;;;
7899525657744    ;MART-5774;;;;;
7899525657751    ;MART-5775;;;;;
7899525657768    ;MART-5776;;;;;
7899525662212    ;MART-6221;;;;;
7899525669938    ;MART-6993;;;;;
7899525670095    ;MART-7009;;;;;
7899525670132    ;MART-7013;;;;;
7899525672679    ;MART-7267;;;;;
7899525669839    ;MART-6983;;;;;
7899525663509    ;MART-6350;;;;;
7899525665756    ;MART-6575;;;;;
7900000200383    ;800240009    ;;;;;
7900000200406    ;800240011    ;;;;;
7898292025442    ;140320023    ;;;;;
7898292025701    ;100310024    ;;;;;
7894203012150    ;1990.BL.TET.MT;;;;;
7898292026555    ;147400048    ;;;;;
7898292029938    ;147400062    ;;;;;
7898292026616    ;147400054    ;;;;;
7898292026401    ;147400075    ;;;;;
7898292026425    ;147400077    ;;;;;
7898292025275    ;149260090    ;;;;;
7898292024711    ;149260062    ;;;;;
7898292024902    ;140140036    ;;;;;
7898419470810    ;100400000    ;;;;;
7898419474603    ;100400008    ;;;;;
7898292025787    ;100310034    ;;;;;
7898292029969    ;149410020    ;;;;;
7898292029976    ;149410021    ;;;;;
7898419479448    ;149410007    ;;;;;
7892162157134    ;15713    ;;;;;
7892162127717    ;12771    ;;;;;
7892162086977    ;8697    ;;;;;
8414329760835    ;A291094000;;;;;
8433291100951    ;A32799C000;;;;;
8414329900491    ;A890096001;;;;;
7891333094162    ;B60002M050;;;;;
8433290328226    ;Z248232000;;;;;
7892162090172    ;9017    ;;;;;
7898419460385    ;140140024    ;;;;;
7898419469500    ;140260021    ;;;;;
7899182781059    ;4-86-103;;;;;
747752862189    ;86-218;;;;;
76174281002    ;28-100;;;;;
7898626953083    ;VS805BRA10;;;;;
7898626953007    ;VS501BRA10;;;;;
7898626953311    ;FX1000BRA10;;;;;
7900000192206    ;Jacuzzi-99857906;;;;;
7893809077105    ;Jacuzzi-99843062;;;;;
7893809103262    ;Jacuzzi-99849366;;;;;
7893809107987    ;Jacuzzi-99840811;;;;;
7893809087555    ;Jacuzzi-99850638;;;;;
7893809101855    ;Jacuzzi-97500243;;;;;
7893809101862    ;Jacuzzi-97500250;;;;;
7893809102043    ;Jacuzzi-97100127;;;;;
7895397035406    ;PL1822033;;;;;
7895397038049    ;PL8716033;;;;;
7897826104059    ;Gart-113001-008;;;;;
7897826104097    ;Gart-113002-001;;;;;
7897826104349    ;Gart-113004-004;;;;;
7897826104554    ;Gart-113011-003;;;;;
7897826104592    ;Gart-113011-007;;;;;
7897826104691    ;Gart-113012-006;;;;;
7897826104721    ;Gart-113012-009;;;;;
7897826104783    ;Gart-113018-004;;;;;
7897826104875    ;Gart-113019-002;;;;;
7897826104899    ;Gart-113019-004;;;;;
7897826105001    ;Gart-113020-004;;;;;
7897826105049    ;Gart-113020-008;;;;;
7897826105056    ;Gart-113020-009;;;;;
7897826105094    ;Gart-113026-002;;;;;
7897826105179    ;Gart-113026-010;;;;;
7897826105186    ;Gart-113026-011;;;;;
7897826105322    ;Gart-113027-003;;;;;
7897826105407    ;Gart-113027-011;;;;;
7897826105643    ;Gart-113029-002;;;;;
7897826105674    ;Gart-113029-005;;;;;
7898425483057    ;7951303    ;;;;;
7891461275198    ;850369    ;;;;;
7891461261993    ;885906    ;;;;;
7891461286965    ;847872    ;;;;;
7891461275099    ;849669    ;;;;;
7891461275129    ;849770    ;;;;;
7891461239367    ;695763    ;;;;;
7891461239312    ;695778    ;;;;;
7891461239329    ;695780    ;;;;;
7891461268466    ;699444    ;;;;;
7891461286644    ;387972    ;;;;;
7891461286453    ;636072    ;;;;;
7891461243869    ;847606    ;;;;;
7891461272517    ;486369    ;;;;;
7891461160630    ;691906    ;;;;;
7891461196004    ;765706    ;;;;;
7891461197810    ;768706    ;;;;;
7891461240417    ;1505042    ;;;;;
5450158705954    ;25098064    ;;;;;
